{"cameraMode":{"drawMode":0,"name":"Shaded","section":"Shading Mode"},"sceneLighting":true,"audioPlay":false,"sceneViewState":{"showFog":true,"showMaterialUpdate":false,"showSkybox":true,"showFlares":true,"showImageEffects":true,"showParticleSystems":true,"showVisualEffectGraphs":true,"m_FxEnabled":true},"in2DMode":false,"pivot":{"x":0.3892366886138916,"y":-45.934688568115237,"z":-155.24427795410157},"rotation":{"x":0.02143755927681923,"y":-0.017536140978336335,"z":-0.005092070437967777,"w":1.0007356405258179},"size":1.3372673988342286,"orthographic":false}